timestamp,pm25,pm25_天坛,pm25_永定门内
2019-03-14 03:00:00+08:00,14.0,10.0,5.0
2019-03-14 04:00:00+08:00,12.0,4.0,4.0
2019-03-14 05:00:00+08:00,15.0,1.0,4.0
2019-03-14 06:00:00+08:00,25.0,2.0,10.0
2019-03-14 07:00:00+08:00,28.0,8.0,13.0
2019-03-14 08:00:00+08:00,19.0,21.0,21.0
2019-03-14 09:00:00+08:00,18.0,9.0,15.0
2019-03-14 10:00:00+08:00,3.0,8.0,5.0
2019-03-14 11:00:00+08:00,7.0,9.0,12.0
2019-03-14 12:00:00+08:00,3.0,3.0,7.0
2019-03-14 13:00:00+08:00,11.0,2.0,10.0
2019-03-14 14:00:00+08:00,8.0,2.0,16.0
2019-03-14 15:00:00+08:00,7.0,2.0,12.0
2019-03-14 16:00:00+08:00,8.0,4.0,19.0
2019-03-14 17:00:00+08:00,10.0,4.0,14.0
2019-03-14 18:00:00+08:00,5.0,2.0,12.0
2019-03-14 19:00:00+08:00,9.0,1.0,9.0
2019-03-14 20:00:00+08:00,21.0,6.0,6.0
2019-03-14 21:00:00+08:00,17.0,4.0,5.0
2019-03-14 22:00:00+08:00,14.0,2.0,7.0
2019-03-14 23:00:00+08:00,2.0,12.0,7.0
2019-03-15 00:00:00+08:00,17.0,7.0,8.0
2019-03-15 01:00:00+08:00,19.0,13.0,8.0
2019-03-15 02:00:00+08:00,9.0,7.0,5.0
