event_id,start_time,end_time,primary_cause,target_pollutant,primary_source_id,primary_multiplier,secondary_source_id,secondary_multiplier,is_mixed_event,severity,is_simulated,peak_time,true_source_ids
EVT0001,2026-01-02 04:20:00,2026-01-02 10:20:00,气象累积,pm25,SRC_MET_01,8.684941585201194,,1.0,False,中度,True,2026-01-02 09:50:00,SRC_MET_01
EVT0002,2026-01-02 21:00:00,2026-01-03 00:40:00,燃烧源,pm25,SRC_COM_01,8.849028445184254,SRC_DUST_02,2.391979877294848,True,轻度,True,2026-01-02 21:00:00,SRC_COM_01|SRC_DUST_02
EVT0003,2026-01-03 09:10:00,2026-01-03 14:30:00,工业排放,so2,SRC_IND_01,7.526623723747155,,1.0,False,轻度,True,2026-01-03 09:30:00,SRC_IND_01
EVT0004,2026-01-04 03:00:00,2026-01-04 07:30:00,扬尘,pm10,SRC_DUST_01,11.909740888475636,,1.0,False,轻度,True,2026-01-04 07:10:00,SRC_DUST_01
EVT0005,2026-01-04 16:20:00,2026-01-04 21:10:00,工业排放,so2,SRC_IND_01,8.309178170548634,,1.0,False,中度,True,2026-01-04 18:10:00,SRC_IND_01
EVT0006,2026-01-05 08:40:00,2026-01-05 12:20:00,工业排放,so2,SRC_IND_02,11.655299501662448,,1.0,False,轻度,True,2026-01-05 08:50:00,SRC_IND_02
EVT0007,2026-01-05 21:10:00,2026-01-06 01:50:00,工业排放,so2,SRC_IND_01,9.992169523574093,SRC_MET_01,1.9034187195369485,True,中度,True,2026-01-05 22:10:00,SRC_IND_01|SRC_MET_01
EVT0008,2026-01-06 13:50:00,2026-01-06 17:30:00,气象累积,pm25,SRC_MET_02,9.407013565784233,,1.0,False,轻度,True,2026-01-06 14:00:00,SRC_MET_02
EVT0009,2026-01-07 05:10:00,2026-01-07 08:50:00,扬尘,pm10,SRC_DUST_01,9.739638386654194,,1.0,False,轻度,True,2026-01-07 07:40:00,SRC_DUST_01
EVT0010,2026-01-07 18:10:00,2026-01-08 00:00:00,气象累积,pm25,SRC_MET_02,6.932978209746409,SRC_COM_01,2.511034089540741,True,重度,True,2026-01-07 19:00:00,SRC_MET_02|SRC_COM_01
EVT0011,2026-01-08 09:10:00,2026-01-08 14:00:00,燃烧源,pm25,SRC_COM_02,7.697027925326383,,1.0,False,重度,True,2026-01-08 14:00:00,SRC_COM_02
EVT0012,2026-01-08 23:30:00,2026-01-09 05:40:00,机动车尾气,no2,SRC_TRA_01,6.512192442459622,,1.0,False,中度,True,2026-01-09 05:30:00,SRC_TRA_01
EVT0013,2026-01-09 12:30:00,2026-01-09 18:00:00,工业排放,so2,SRC_IND_01,7.473254506322259,,1.0,False,中度,True,2026-01-09 12:40:00,SRC_IND_01
EVT0014,2026-01-10 07:00:00,2026-01-10 11:00:00,扬尘,pm10,SRC_DUST_02,7.012745176243276,,1.0,False,中度,True,2026-01-10 08:00:00,SRC_DUST_02
EVT0015,2026-01-10 18:30:00,2026-01-10 23:30:00,扬尘,pm10,SRC_DUST_02,9.127500327467232,SRC_COM_02,1.8118620001485986,True,中度,True,2026-01-10 18:40:00,SRC_DUST_02|SRC_COM_02
EVT0016,2026-01-11 12:20:00,2026-01-11 16:10:00,燃烧源,pm25,SRC_COM_01,8.659729163671473,,1.0,False,轻度,True,2026-01-11 14:00:00,SRC_COM_01
EVT0017,2026-01-12 00:10:00,2026-01-12 04:30:00,气象累积,pm25,SRC_MET_02,7.825348669337444,SRC_SEC_01,2.1349189340341974,True,轻度,True,2026-01-12 04:30:00,SRC_MET_02|SRC_SEC_01
EVT0018,2026-01-12 15:40:00,2026-01-12 20:10:00,气象累积,pm25,SRC_MET_01,8.48905875464746,,1.0,False,轻度,True,2026-01-12 15:40:00,SRC_MET_01
EVT0019,2026-01-13 07:20:00,2026-01-13 12:20:00,机动车尾气,no2,SRC_TRA_01,11.62490344028042,,1.0,False,轻度,True,2026-01-13 07:20:00,SRC_TRA_01
EVT0020,2026-01-13 20:20:00,2026-01-14 01:50:00,气象累积,pm25,SRC_MET_02,10.802798583001485,,1.0,False,中度,True,2026-01-13 23:10:00,SRC_MET_02
EVT0021,2026-01-14 11:40:00,2026-01-14 16:10:00,燃烧源,pm25,SRC_COM_02,8.838326748603004,,1.0,False,中度,True,2026-01-14 14:20:00,SRC_COM_02
EVT0022,2026-01-15 02:30:00,2026-01-15 08:00:00,燃烧源,pm25,SRC_COM_01,6.878144274688107,SRC_IND_02,1.8671984826071955,True,轻度,True,2026-01-15 03:40:00,SRC_COM_01|SRC_IND_02
EVT0023,2026-01-15 17:20:00,2026-01-15 22:10:00,燃烧源,pm25,SRC_COM_01,10.945878912794711,,1.0,False,轻度,True,2026-01-15 20:00:00,SRC_COM_01
EVT0024,2026-01-16 10:30:00,2026-01-16 14:00:00,工业排放,so2,SRC_IND_01,8.826141795888338,,1.0,False,轻度,True,2026-01-16 12:20:00,SRC_IND_01
EVT0025,2026-01-17 02:20:00,2026-01-17 06:00:00,扬尘,pm10,SRC_DUST_02,10.81646882214255,SRC_MET_01,2.7194674137023283,True,中度,True,2026-01-17 04:30:00,SRC_DUST_02|SRC_MET_01
EVT0026,2026-01-17 15:30:00,2026-01-17 19:50:00,工业排放,so2,SRC_IND_01,7.599684137526462,SRC_MET_01,2.952974250148481,True,中度,True,2026-01-17 19:50:00,SRC_IND_01|SRC_MET_01
EVT0027,2026-01-18 05:20:00,2026-01-18 09:40:00,工业排放,so2,SRC_IND_01,7.901630889275353,,1.0,False,重度,True,2026-01-18 05:30:00,SRC_IND_01
EVT0028,2026-01-18 19:30:00,2026-01-18 23:10:00,工业排放,so2,SRC_IND_02,6.303253110175804,,1.0,False,中度,True,2026-01-18 19:30:00,SRC_IND_02
EVT0029,2026-01-19 11:40:00,2026-01-19 16:10:00,工业排放,so2,SRC_IND_01,7.716140283147153,,1.0,False,轻度,True,2026-01-19 16:10:00,SRC_IND_01
EVT0030,2026-01-20 03:10:00,2026-01-20 06:50:00,燃烧源,pm25,SRC_COM_01,6.462412336248931,SRC_SEC_01,1.9938965732286957,True,轻度,True,2026-01-20 04:10:00,SRC_COM_01|SRC_SEC_01
EVT0031,2026-01-20 17:40:00,2026-01-20 22:10:00,工业排放,so2,SRC_IND_01,10.6153545543344,SRC_COM_02,2.344935565120826,True,中度,True,2026-01-20 22:00:00,SRC_IND_01|SRC_COM_02
EVT0032,2026-01-21 06:20:00,2026-01-21 11:40:00,二次生成,o3,SRC_SEC_01,10.464832173903945,,1.0,False,重度,True,2026-01-21 11:30:00,SRC_SEC_01
EVT0033,2026-01-21 23:20:00,2026-01-22 04:40:00,工业排放,so2,SRC_IND_01,7.087612731060078,,1.0,False,轻度,True,2026-01-22 00:30:00,SRC_IND_01
EVT0034,2026-01-22 12:00:00,2026-01-22 17:10:00,扬尘,pm10,SRC_DUST_01,9.431583954515192,,1.0,False,中度,True,2026-01-22 12:00:00,SRC_DUST_01
EVT0035,2026-01-23 04:30:00,2026-01-23 08:50:00,二次生成,o3,SRC_SEC_02,11.053389478091837,SRC_COM_01,2.7443203175982256,True,中度,True,2026-01-23 08:40:00,SRC_SEC_02|SRC_COM_01
EVT0036,2026-01-23 20:30:00,2026-01-24 00:40:00,气象累积,pm25,SRC_MET_02,8.821710827676396,,1.0,False,中度,True,2026-01-23 22:00:00,SRC_MET_02
EVT0037,2026-01-24 08:00:00,2026-01-24 12:40:00,机动车尾气,no2,SRC_TRA_01,8.008257836144635,SRC_MET_02,2.679558113065258,True,重度,True,2026-01-24 08:50:00,SRC_TRA_01|SRC_MET_02
EVT0038,2026-01-25 01:00:00,2026-01-25 07:10:00,燃烧源,pm25,SRC_COM_01,8.902022261143939,SRC_DUST_01,2.2850198533165864,True,轻度,True,2026-01-25 02:40:00,SRC_COM_01|SRC_DUST_01
EVT0039,2026-01-25 14:50:00,2026-01-25 20:50:00,工业排放,so2,SRC_IND_02,10.129261188825078,SRC_COM_01,2.0937429982117575,True,轻度,True,2026-01-25 20:10:00,SRC_IND_02|SRC_COM_01
EVT0040,2026-01-26 06:00:00,2026-01-26 11:10:00,二次生成,o3,SRC_SEC_02,6.221928603081815,,1.0,False,重度,True,2026-01-26 11:10:00,SRC_SEC_02
EVT0041,2026-01-26 20:20:00,2026-01-27 01:30:00,气象累积,pm25,SRC_MET_01,7.603284504589268,SRC_IND_02,2.485595527953238,True,中度,True,2026-01-26 22:00:00,SRC_MET_01|SRC_IND_02
EVT0042,2026-01-27 10:20:00,2026-01-27 15:40:00,扬尘,pm10,SRC_DUST_01,10.06205831131913,SRC_TRA_02,3.1740719223751905,True,重度,True,2026-01-27 15:40:00,SRC_DUST_01|SRC_TRA_02
EVT0043,2026-01-28 02:50:00,2026-01-28 06:40:00,工业排放,so2,SRC_IND_01,11.758729358686585,,1.0,False,中度,True,2026-01-28 05:50:00,SRC_IND_01
EVT0044,2026-01-28 15:50:00,2026-01-28 19:40:00,气象累积,pm25,SRC_MET_01,7.651162011993993,,1.0,False,中度,True,2026-01-28 17:00:00,SRC_MET_01
EVT0045,2026-01-29 08:30:00,2026-01-29 14:40:00,燃烧源,pm25,SRC_COM_01,10.534679318676915,SRC_SEC_01,2.0253893082703462,True,轻度,True,2026-01-29 14:40:00,SRC_COM_01|SRC_SEC_01
EVT0046,2026-01-29 22:10:00,2026-01-30 02:20:00,二次生成,o3,SRC_SEC_02,11.800347543785445,SRC_COM_02,1.8755501600749755,True,中度,True,2026-01-30 02:10:00,SRC_SEC_02|SRC_COM_02
EVT0047,2026-01-30 14:10:00,2026-01-30 19:40:00,扬尘,pm10,SRC_DUST_02,10.8307505920217,,1.0,False,中度,True,2026-01-30 17:10:00,SRC_DUST_02
EVT0048,2026-01-31 04:40:00,2026-01-31 09:00:00,二次生成,o3,SRC_SEC_01,11.824426028901955,,1.0,False,重度,True,2026-01-31 09:00:00,SRC_SEC_01
EVT0049,2026-01-31 21:10:00,2026-02-01 00:40:00,扬尘,pm10,SRC_DUST_02,9.122600972509773,SRC_MET_01,2.3876354661364134,True,轻度,True,2026-01-31 23:00:00,SRC_DUST_02|SRC_MET_01
EVT0050,2026-02-01 10:30:00,2026-02-01 15:20:00,机动车尾气,no2,SRC_TRA_01,11.894679693689096,,1.0,False,轻度,True,2026-02-01 10:40:00,SRC_TRA_01
EVT0051,2026-02-01 23:30:00,2026-02-02 05:00:00,机动车尾气,no2,SRC_TRA_02,8.85950858427489,,1.0,False,中度,True,2026-02-02 00:00:00,SRC_TRA_02
EVT0052,2026-02-02 14:00:00,2026-02-02 18:10:00,二次生成,o3,SRC_SEC_01,6.264959313677805,,1.0,False,重度,True,2026-02-02 14:00:00,SRC_SEC_01
EVT0053,2026-02-03 05:40:00,2026-02-03 11:00:00,气象累积,pm25,SRC_MET_01,7.21076680186799,,1.0,False,轻度,True,2026-02-03 10:50:00,SRC_MET_01
EVT0054,2026-02-03 22:20:00,2026-02-04 03:20:00,二次生成,o3,SRC_SEC_02,6.891766259756412,,1.0,False,中度,True,2026-02-03 23:00:00,SRC_SEC_02
EVT0055,2026-02-04 10:00:00,2026-02-04 15:30:00,扬尘,pm10,SRC_DUST_02,10.193645723885604,,1.0,False,重度,True,2026-02-04 15:30:00,SRC_DUST_02
EVT0056,2026-02-05 01:30:00,2026-02-05 07:00:00,工业排放,so2,SRC_IND_02,8.065238564731255,,1.0,False,重度,True,2026-02-05 04:10:00,SRC_IND_02
EVT0057,2026-02-05 15:40:00,2026-02-05 20:30:00,二次生成,o3,SRC_SEC_02,7.583323808604608,SRC_IND_01,2.8925262163082706,True,重度,True,2026-02-05 15:40:00,SRC_SEC_02|SRC_IND_01
EVT0058,2026-02-06 06:20:00,2026-02-06 12:10:00,燃烧源,pm25,SRC_COM_02,6.694435756257905,,1.0,False,轻度,True,2026-02-06 12:10:00,SRC_COM_02
EVT0059,2026-02-06 23:10:00,2026-02-07 03:50:00,机动车尾气,no2,SRC_TRA_02,7.915770903584052,,1.0,False,中度,True,2026-02-06 23:10:00,SRC_TRA_02
EVT0060,2026-02-07 15:00:00,2026-02-07 19:40:00,工业排放,so2,SRC_IND_02,10.091609846810549,,1.0,False,轻度,True,2026-02-07 18:40:00,SRC_IND_02
EVT0061,2026-02-08 03:50:00,2026-02-08 09:30:00,机动车尾气,no2,SRC_TRA_02,6.765210956631831,,1.0,False,轻度,True,2026-02-08 08:20:00,SRC_TRA_02
EVT0062,2026-02-08 19:50:00,2026-02-09 01:40:00,气象累积,pm25,SRC_MET_02,8.151522581611115,,1.0,False,重度,True,2026-02-08 21:00:00,SRC_MET_02
EVT0063,2026-02-09 11:20:00,2026-02-09 15:40:00,二次生成,o3,SRC_SEC_02,10.056296423506174,,1.0,False,中度,True,2026-02-09 12:20:00,SRC_SEC_02
EVT0064,2026-02-10 00:00:00,2026-02-10 05:20:00,扬尘,pm10,SRC_DUST_01,6.366277929074217,,1.0,False,轻度,True,2026-02-10 05:00:00,SRC_DUST_01
EVT0065,2026-02-10 15:30:00,2026-02-10 19:30:00,二次生成,o3,SRC_SEC_02,9.736971247665224,,1.0,False,重度,True,2026-02-10 15:40:00,SRC_SEC_02
EVT0066,2026-02-11 04:50:00,2026-02-11 10:10:00,扬尘,pm10,SRC_DUST_01,6.476129624169887,SRC_TRA_01,2.6841088671716458,True,重度,True,2026-02-11 07:00:00,SRC_DUST_01|SRC_TRA_01
EVT0067,2026-02-11 20:30:00,2026-02-12 02:20:00,气象累积,pm25,SRC_MET_02,11.67905044165459,,1.0,False,重度,True,2026-02-11 23:00:00,SRC_MET_02
EVT0068,2026-02-12 12:10:00,2026-02-12 17:40:00,燃烧源,pm25,SRC_COM_02,9.005650909935614,,1.0,False,中度,True,2026-02-12 17:40:00,SRC_COM_02
EVT0069,2026-02-13 04:00:00,2026-02-13 08:20:00,工业排放,so2,SRC_IND_01,7.740261096099335,SRC_MET_02,2.2963068340306685,True,中度,True,2026-02-13 07:00:00,SRC_IND_01|SRC_MET_02
EVT0070,2026-02-13 18:20:00,2026-02-13 23:50:00,工业排放,so2,SRC_IND_01,9.412500823734792,,1.0,False,轻度,True,2026-02-13 21:30:00,SRC_IND_01
EVT0071,2026-02-14 09:30:00,2026-02-14 13:10:00,工业排放,so2,SRC_IND_02,9.268992188094455,,1.0,False,轻度,True,2026-02-14 09:40:00,SRC_IND_02
EVT0072,2026-02-14 23:00:00,2026-02-15 02:30:00,燃烧源,pm25,SRC_COM_02,9.032954332088844,,1.0,False,中度,True,2026-02-14 23:50:00,SRC_COM_02
EVT0073,2026-02-15 13:10:00,2026-02-15 17:10:00,燃烧源,pm25,SRC_COM_02,9.008630145627986,,1.0,False,重度,True,2026-02-15 17:10:00,SRC_COM_02
EVT0074,2026-02-16 03:20:00,2026-02-16 08:20:00,气象累积,pm25,SRC_MET_01,9.345410254914267,,1.0,False,轻度,True,2026-02-16 05:40:00,SRC_MET_01
EVT0075,2026-02-16 20:40:00,2026-02-17 01:30:00,气象累积,pm25,SRC_MET_02,9.226156611660583,SRC_COM_01,3.0847664281323763,True,重度,True,2026-02-16 23:00:00,SRC_MET_02|SRC_COM_01
EVT0076,2026-02-17 08:30:00,2026-02-17 13:30:00,二次生成,o3,SRC_SEC_02,9.393484432238663,,1.0,False,中度,True,2026-02-17 13:00:00,SRC_SEC_02
EVT0077,2026-02-18 01:10:00,2026-02-18 06:10:00,扬尘,pm10,SRC_DUST_01,6.015447386370285,,1.0,False,重度,True,2026-02-18 05:00:00,SRC_DUST_01
EVT0078,2026-02-18 14:40:00,2026-02-18 20:20:00,燃烧源,pm25,SRC_COM_01,8.558861115092563,,1.0,False,中度,True,2026-02-18 19:00:00,SRC_COM_01
EVT0079,2026-02-19 05:20:00,2026-02-19 09:30:00,二次生成,o3,SRC_SEC_01,11.509742189369428,,1.0,False,中度,True,2026-02-19 09:00:00,SRC_SEC_01
EVT0080,2026-02-19 21:10:00,2026-02-20 02:30:00,二次生成,o3,SRC_SEC_02,8.709853515704339,,1.0,False,中度,True,2026-02-19 22:00:00,SRC_SEC_02
EVT0081,2026-02-20 12:30:00,2026-02-20 16:50:00,工业排放,so2,SRC_IND_02,8.569479388943702,,1.0,False,轻度,True,2026-02-20 14:10:00,SRC_IND_02
EVT0082,2026-02-21 03:00:00,2026-02-21 08:40:00,扬尘,pm10,SRC_DUST_02,8.34638972176439,SRC_SEC_01,2.866551654593303,True,中度,True,2026-02-21 08:40:00,SRC_DUST_02|SRC_SEC_01
EVT0083,2026-02-21 16:40:00,2026-02-21 21:30:00,机动车尾气,no2,SRC_TRA_01,8.513694733554754,SRC_COM_01,2.50389540370568,True,轻度,True,2026-02-21 18:40:00,SRC_TRA_01|SRC_COM_01
EVT0084,2026-02-22 08:10:00,2026-02-22 12:10:00,机动车尾气,no2,SRC_TRA_01,8.329499594075592,,1.0,False,轻度,True,2026-02-22 08:40:00,SRC_TRA_01
EVT0085,2026-02-23 01:20:00,2026-02-23 05:40:00,机动车尾气,no2,SRC_TRA_02,9.34798362516945,,1.0,False,中度,True,2026-02-23 05:10:00,SRC_TRA_02
EVT0086,2026-02-23 15:50:00,2026-02-23 20:10:00,二次生成,o3,SRC_SEC_02,7.578620531845527,SRC_DUST_02,2.537154101702769,True,重度,True,2026-02-23 15:50:00,SRC_SEC_02|SRC_DUST_02
EVT0087,2026-02-24 05:10:00,2026-02-24 11:00:00,二次生成,o3,SRC_SEC_02,8.905899923914028,,1.0,False,重度,True,2026-02-24 10:10:00,SRC_SEC_02
EVT0088,2026-02-24 21:20:00,2026-02-25 01:20:00,燃烧源,pm25,SRC_COM_02,10.664949151241926,,1.0,False,重度,True,2026-02-24 21:50:00,SRC_COM_02
EVT0089,2026-02-25 12:30:00,2026-02-25 16:20:00,二次生成,o3,SRC_SEC_01,7.922894924868899,,1.0,False,中度,True,2026-02-25 13:10:00,SRC_SEC_01
EVT0090,2026-02-26 01:20:00,2026-02-26 07:20:00,扬尘,pm10,SRC_DUST_01,8.851947794997798,,1.0,False,重度,True,2026-02-26 07:20:00,SRC_DUST_01
EVT0091,2026-02-26 17:00:00,2026-02-26 22:00:00,扬尘,pm10,SRC_DUST_02,11.995720250456612,SRC_IND_02,2.5505808595347217,True,重度,True,2026-02-26 17:00:00,SRC_DUST_02|SRC_IND_02
EVT0092,2026-02-27 08:00:00,2026-02-27 13:10:00,二次生成,o3,SRC_SEC_02,6.278296149685416,,1.0,False,中度,True,2026-02-27 12:10:00,SRC_SEC_02
EVT0093,2026-02-27 23:30:00,2026-02-28 03:40:00,燃烧源,pm25,SRC_COM_01,8.291909386889815,SRC_DUST_01,2.6908219534186206,True,重度,True,2026-02-27 23:30:00,SRC_COM_01|SRC_DUST_01
EVT0094,2026-02-28 14:30:00,2026-02-28 18:50:00,扬尘,pm10,SRC_DUST_01,11.443684159656934,,1.0,False,中度,True,2026-02-28 17:00:00,SRC_DUST_01
EVT0095,2026-03-01 04:40:00,2026-03-01 09:40:00,燃烧源,pm25,SRC_COM_02,7.292244588152421,,1.0,False,中度,True,2026-03-01 06:00:00,SRC_COM_02
EVT0096,2026-03-01 19:20:00,2026-03-01 23:00:00,机动车尾气,no2,SRC_TRA_01,7.177901906717231,SRC_COM_01,1.8386687099781183,True,中度,True,2026-03-01 19:40:00,SRC_TRA_01|SRC_COM_01
EVT0097,2026-03-02 10:40:00,2026-03-02 14:50:00,工业排放,so2,SRC_IND_02,7.176351270674443,SRC_MET_02,2.103151575670376,True,重度,True,2026-03-02 13:00:00,SRC_IND_02|SRC_MET_02
EVT0098,2026-03-03 00:00:00,2026-03-03 05:10:00,机动车尾气,no2,SRC_TRA_02,6.4251042791368835,,1.0,False,重度,True,2026-03-03 05:00:00,SRC_TRA_02
EVT0099,2026-03-03 14:20:00,2026-03-03 18:00:00,气象累积,pm25,SRC_MET_02,7.808887362505863,,1.0,False,中度,True,2026-03-03 17:20:00,SRC_MET_02
EVT0100,2026-03-04 04:40:00,2026-03-04 10:20:00,工业排放,so2,SRC_IND_02,8.21764227393611,SRC_TRA_02,2.9167354468433127,True,中度,True,2026-03-04 05:30:00,SRC_IND_02|SRC_TRA_02
EVT0101,2026-03-04 19:20:00,2026-03-04 23:00:00,二次生成,o3,SRC_SEC_01,9.090135975785472,,1.0,False,重度,True,2026-03-04 21:00:00,SRC_SEC_01
EVT0102,2026-03-05 10:50:00,2026-03-05 16:50:00,机动车尾气,no2,SRC_TRA_02,9.062365612016707,,1.0,False,重度,True,2026-03-05 16:30:00,SRC_TRA_02
EVT0103,2026-03-06 01:30:00,2026-03-06 05:20:00,扬尘,pm10,SRC_DUST_01,6.521784542214111,,1.0,False,轻度,True,2026-03-06 05:10:00,SRC_DUST_01
EVT0104,2026-03-06 16:10:00,2026-03-06 21:40:00,机动车尾气,no2,SRC_TRA_01,11.663915441296998,,1.0,False,重度,True,2026-03-06 18:50:00,SRC_TRA_01
EVT0105,2026-03-07 07:50:00,2026-03-07 13:30:00,机动车尾气,no2,SRC_TRA_02,7.698313027973268,,1.0,False,中度,True,2026-03-07 08:40:00,SRC_TRA_02
EVT0106,2026-03-07 21:30:00,2026-03-08 03:00:00,气象累积,pm25,SRC_MET_01,11.080593998867977,,1.0,False,中度,True,2026-03-08 01:00:00,SRC_MET_01
EVT0107,2026-03-08 12:40:00,2026-03-08 17:00:00,气象累积,pm25,SRC_MET_02,9.085943458290759,,1.0,False,中度,True,2026-03-08 16:10:00,SRC_MET_02
EVT0108,2026-03-09 04:50:00,2026-03-09 09:30:00,二次生成,o3,SRC_SEC_02,11.216518688507332,,1.0,False,轻度,True,2026-03-09 09:10:00,SRC_SEC_02
EVT0109,2026-03-09 17:20:00,2026-03-09 22:50:00,气象累积,pm25,SRC_MET_01,6.446950235315566,,1.0,False,中度,True,2026-03-09 20:00:00,SRC_MET_01
EVT0110,2026-03-10 07:10:00,2026-03-10 12:50:00,燃烧源,pm25,SRC_COM_02,7.368363973945686,,1.0,False,中度,True,2026-03-10 07:30:00,SRC_COM_02
EVT0111,2026-03-11 00:40:00,2026-03-11 05:30:00,气象累积,pm25,SRC_MET_02,11.716375421193758,SRC_DUST_02,2.5605177776697463,True,中度,True,2026-03-11 01:50:00,SRC_MET_02|SRC_DUST_02
EVT0112,2026-03-11 13:00:00,2026-03-11 18:10:00,燃烧源,pm25,SRC_COM_01,7.374598987488662,,1.0,False,中度,True,2026-03-11 18:00:00,SRC_COM_01
EVT0113,2026-03-12 04:30:00,2026-03-12 08:40:00,机动车尾气,no2,SRC_TRA_01,11.789943580480928,,1.0,False,中度,True,2026-03-12 08:10:00,SRC_TRA_01
EVT0114,2026-03-12 21:00:00,2026-03-13 02:10:00,扬尘,pm10,SRC_DUST_01,11.221605662600155,SRC_TRA_01,2.99131020197366,True,中度,True,2026-03-13 01:00:00,SRC_DUST_01|SRC_TRA_01
EVT0115,2026-03-13 11:40:00,2026-03-13 15:30:00,气象累积,pm25,SRC_MET_01,10.778245175737412,SRC_IND_01,2.165954037703932,True,轻度,True,2026-03-13 12:00:00,SRC_MET_01|SRC_IND_01
EVT0116,2026-03-14 03:20:00,2026-03-14 08:40:00,二次生成,o3,SRC_SEC_01,6.399660718390086,,1.0,False,重度,True,2026-03-14 08:30:00,SRC_SEC_01
EVT0117,2026-03-14 15:30:00,2026-03-14 21:20:00,机动车尾气,no2,SRC_TRA_01,6.79537024252434,,1.0,False,中度,True,2026-03-14 19:50:00,SRC_TRA_01
EVT0118,2026-03-15 07:10:00,2026-03-15 12:40:00,扬尘,pm10,SRC_DUST_01,6.241807713790411,,1.0,False,中度,True,2026-03-15 07:40:00,SRC_DUST_01
EVT0119,2026-03-15 23:20:00,2026-03-16 03:20:00,机动车尾气,no2,SRC_TRA_02,6.636955672958835,,1.0,False,轻度,True,2026-03-16 00:00:00,SRC_TRA_02
EVT0120,2026-03-16 15:00:00,2026-03-16 18:50:00,气象累积,pm25,SRC_MET_02,6.864421273682016,SRC_DUST_02,2.23815550428429,True,中度,True,2026-03-16 18:00:00,SRC_MET_02|SRC_DUST_02
EVT0121,2026-03-17 02:40:00,2026-03-17 08:50:00,气象累积,pm25,SRC_MET_02,9.84610617887174,,1.0,False,中度,True,2026-03-17 07:20:00,SRC_MET_02
EVT0122,2026-03-17 21:00:00,2026-03-18 00:50:00,机动车尾气,no2,SRC_TRA_02,10.088646705802738,,1.0,False,中度,True,2026-03-17 21:50:00,SRC_TRA_02
EVT0123,2026-03-18 08:40:00,2026-03-18 12:40:00,扬尘,pm10,SRC_DUST_02,11.610925020699536,,1.0,False,中度,True,2026-03-18 12:40:00,SRC_DUST_02
EVT0124,2026-03-19 00:20:00,2026-03-19 05:40:00,工业排放,so2,SRC_IND_02,6.053090186454824,,1.0,False,轻度,True,2026-03-19 03:50:00,SRC_IND_02
EVT0125,2026-03-19 13:30:00,2026-03-19 19:30:00,燃烧源,pm25,SRC_COM_02,9.381797199877672,,1.0,False,中度,True,2026-03-19 19:00:00,SRC_COM_02
EVT0126,2026-03-20 04:30:00,2026-03-20 10:00:00,机动车尾气,no2,SRC_TRA_01,6.705658026711314,,1.0,False,轻度,True,2026-03-20 08:00:00,SRC_TRA_01
EVT0127,2026-03-20 20:00:00,2026-03-21 01:20:00,二次生成,o3,SRC_SEC_01,11.539335457806137,SRC_COM_01,2.8548212593964863,True,轻度,True,2026-03-20 20:00:00,SRC_SEC_01|SRC_COM_01
EVT0128,2026-03-21 10:10:00,2026-03-21 15:50:00,燃烧源,pm25,SRC_COM_01,9.406451520230473,,1.0,False,中度,True,2026-03-21 15:40:00,SRC_COM_01
EVT0129,2026-03-22 00:30:00,2026-03-22 05:40:00,机动车尾气,no2,SRC_TRA_01,7.449814688536896,,1.0,False,重度,True,2026-03-22 01:00:00,SRC_TRA_01
EVT0130,2026-03-22 16:20:00,2026-03-22 21:50:00,燃烧源,pm25,SRC_COM_01,11.440139521336542,,1.0,False,中度,True,2026-03-22 20:50:00,SRC_COM_01
EVT0131,2026-03-23 08:10:00,2026-03-23 13:20:00,机动车尾气,no2,SRC_TRA_02,8.468680387581184,,1.0,False,轻度,True,2026-03-23 08:50:00,SRC_TRA_02
EVT0132,2026-03-23 21:10:00,2026-03-24 01:30:00,气象累积,pm25,SRC_MET_01,9.65653571988243,,1.0,False,中度,True,2026-03-24 01:30:00,SRC_MET_01
EVT0133,2026-03-24 14:50:00,2026-03-24 19:10:00,工业排放,so2,SRC_IND_02,7.947515617921067,,1.0,False,中度,True,2026-03-24 18:50:00,SRC_IND_02
EVT0134,2026-03-25 06:20:00,2026-03-25 10:30:00,扬尘,pm10,SRC_DUST_01,9.298306734033215,,1.0,False,轻度,True,2026-03-25 07:00:00,SRC_DUST_01
EVT0135,2026-03-25 18:10:00,2026-03-25 22:10:00,机动车尾气,no2,SRC_TRA_01,10.304510047351016,,1.0,False,重度,True,2026-03-25 18:10:00,SRC_TRA_01
EVT0136,2026-03-26 08:20:00,2026-03-26 13:30:00,气象累积,pm25,SRC_MET_01,11.869184698939467,,1.0,False,重度,True,2026-03-26 08:20:00,SRC_MET_01
EVT0137,2026-03-26 23:40:00,2026-03-27 03:50:00,机动车尾气,no2,SRC_TRA_02,11.495746518775563,SRC_COM_01,1.9390205003132173,True,轻度,True,2026-03-27 01:10:00,SRC_TRA_02|SRC_COM_01
EVT0138,2026-03-27 15:50:00,2026-03-27 19:40:00,二次生成,o3,SRC_SEC_01,9.4529251736804,,1.0,False,中度,True,2026-03-27 15:50:00,SRC_SEC_01
EVT0139,2026-03-28 06:10:00,2026-03-28 11:20:00,扬尘,pm10,SRC_DUST_02,7.774559142978383,SRC_IND_02,2.505264625752855,True,轻度,True,2026-03-28 11:00:00,SRC_DUST_02|SRC_IND_02
EVT0140,2026-03-28 20:20:00,2026-03-29 01:50:00,二次生成,o3,SRC_SEC_02,9.25865304695359,,1.0,False,轻度,True,2026-03-29 00:00:00,SRC_SEC_02
EVT0141,2026-03-29 12:20:00,2026-03-29 15:50:00,扬尘,pm10,SRC_DUST_02,10.91659470172766,SRC_SEC_02,3.1182075405729166,True,中度,True,2026-03-29 12:50:00,SRC_DUST_02|SRC_SEC_02
EVT0142,2026-03-30 04:40:00,2026-03-30 08:20:00,燃烧源,pm25,SRC_COM_02,6.8772731253439305,,1.0,False,重度,True,2026-03-30 04:40:00,SRC_COM_02
EVT0143,2026-03-30 17:00:00,2026-03-30 21:20:00,二次生成,o3,SRC_SEC_02,7.4019720632474195,SRC_IND_02,2.413877653958506,True,中度,True,2026-03-30 17:00:00,SRC_SEC_02|SRC_IND_02
EVT0144,2026-03-31 07:20:00,2026-03-31 12:40:00,燃烧源,pm25,SRC_COM_02,8.805926762181771,,1.0,False,中度,True,2026-03-31 09:00:00,SRC_COM_02
